Artist,Title,Album,Date,Lyric,Year,words,negative,neutral,positive,dominant_sentiment,dominant_sentiment_score
Billie Eilish,​when the party’s over,"WHEN WE ALL FALL ASLEEP, WHERE DO WE GO? (Japanese Import)",2018-10-17,don't you know i'm no good for you i've learned to lose you can't afford to tore my shirt to stop you bleedin' but nothin' ever stops you leavin'   quiet when i'm coming home and i'm on my own i could lie say i like it like that like it like that i could lie say i like it like that like it like that   don't you know too much already i'll only hurt you if you let me call me friend but keep me closer call me back and i'll call you when the party's over   quiet when i'm coming home and i'm on my own and i could lie say i like it like that like it like that yeah i could lie say i like it like that like it like that   but nothin' is better sometimes once we've both said our goodbyes let's just let it go let me let you go   quiet when i'm coming home and i'm on my own i could lie say i like it like that like it like that i could lie say i like it like that like it like that,2018.0,"['know', 'im', 'good', 'ive', 'learned', 'lose', 'cant', 'afford', 'tore', 'shirt', 'stop', 'bleedin', 'nothin', 'ever', 'leavin', 'quiet', 'coming', 'home', 'could', 'lie', 'say', 'like', 'much', 'already', 'ill', 'hurt', 'let', 'call', 'friend', 'keep', 'closer', 'back', 'party', 'yeah', 'better', 'sometimes', 'weve', 'said', 'goodbye', 'go']",0.044,0.591,0.365,Positive,0.365
Billie Eilish,​everything i wanted,"WHEN WE ALL FALL ASLEEP, WHERE DO WE GO? (Target Exclusive)",2019-11-13,i had a dream i got everything i wanted not what you'd think and if i'm bein' honest it might've been a nightmare to anyone who might care thought i could fly fly so i stepped off the golden mm nobody cried cried cried cried cried nobody even noticed i saw them standing right there kinda thought they might care might care might care  pre i had a dream i got everything i wanted but when i wake up i see you with me   and you say as long as i'm here no one can hurt you don't wanna lie here but you can learn to if i could change the way that you see yourself you wouldn't wonder why you hear 'they don't deserve you'   i tried to scream but my head was underwater they called me weak like i'm not just somebody's daughter coulda been a nightmare but it felt like they were right there and it feels like yesterday was a year ago but i don't wanna let anybody know 'cause everybody wants something from me now and i don't wanna let 'em down  pre i had a dream i got everything i wanted but when i wake up i see you with me   and you say as long as i'm here no one can hurt you don't wanna lie here but you can learn to if i could change the way that you see yourself you wouldn't wonder why you hear 'they don't deserve you'   if i knew it all then would i do it again would i do it again if they knew what they said would go straight to my head what would they say instead if i knew it all then would i do it again would i do it again if they knew what they said would go straight to my head what would they say instead,2019.0,"['dream', 'got', 'everything', 'wanted', 'think', 'im', 'bein', 'honest', 'mightve', 'nightmare', 'anyone', 'might', 'care', 'thought', 'could', 'fly', 'stepped', 'golden', 'mm', 'nobody', 'cried', 'even', 'noticed', 'saw', 'standing', 'right', 'kinda', 'pre', 'wake', 'see', 'say', 'long', 'one', 'hurt', 'wanna', 'lie', 'learn', 'change', 'way', 'wonder', 'hear', 'they', 'deserve', 'you', 'tried', 'scream', 'head', 'underwater', 'called', 'weak', 'like', 'somebody', 'daughter', 'coulda', 'felt', 'feel', 'yesterday', 'year', 'ago', 'let', 'anybody', 'know', 'cause', 'everybody', 'want', 'something', 'em', 'knew', 'would', 'said', 'go', 'straight', 'instead']",0.098,0.807,0.095,Negative,0.098
Billie Eilish,​bad guy,"WHEN WE ALL FALL ASLEEP, WHERE DO WE GO? (Japanese Import)",2019-03-29,white shirt now red my bloody nose sleepin' you're on your tippy toes creepin' around like no one knows think you're so criminal bruises on both my knees for you don't say thank you or please i do what i want when i'm wanting to my soul so cynical   so you're a tough guy like it really rough guy just can't get enough guy chest always so puffed guy i'm that bad type make your mama sad type make your girlfriend mad tight might seduce your dad type i'm the bad guy duh  post i'm the bad guy   i like it when you take control even if you know that you don't own me i'll let you play the role i'll be your animal my mommy likes to sing along with me but she won't sing this song if she reads all the lyrics she'll pity the men i know   so you're a tough guy like it really rough guy just can't get enough guy chest always so puffed guy i'm that bad type make your mama sad type make your girlfriend mad tight might seduce your dad type i'm the bad guy duh  post i'm the bad guy duh i'm only good at bein' bad bad   i like when you get mad i guess i'm pretty glad that you're alone you said she's scared of me i mean i don't see what she sees but maybe it's 'cause i'm wearing your cologne   i'm a bad guy i'm i'm a bad guy bad guy bad guy i'm a bad,2019.0,"['white', 'shirt', 'red', 'bloody', 'nose', 'sleepin', 'tippy', 'toe', 'creepin', 'around', 'like', 'one', 'know', 'think', 'criminal', 'bruise', 'knee', 'say', 'thank', 'please', 'want', 'im', 'wanting', 'soul', 'cynical', 'tough', 'guy', 'really', 'rough', 'cant', 'get', 'enough', 'chest', 'always', 'puffed', 'bad', 'type', 'make', 'mama', 'sad', 'girlfriend', 'mad', 'tight', 'might', 'seduce', 'dad', 'duh', 'post', 'take', 'control', 'even', 'ill', 'let', 'play', 'role', 'animal', 'mommy', 'sing', 'along', 'song', 'read', 'lyric', 'shell', 'pity', 'men', 'good', 'bein', 'guess', 'pretty', 'glad', 'alone', 'said', 'scared', 'mean', 'see', 'maybe', 'cause', 'wearing', 'cologne']",0.284,0.624,0.092,Negative,0.284
Billie Eilish,​idontwannabeyouanymore,dont smile at me,2017-07-21,don't be that way fall apart twice a day i just wish you could feel what you say show never tell but i know you too well kind of mood that you wish you could sell   if teardrops could be bottled there'd be swimming pools filled by models told a tight dress is what makes you a whore if i love you was a promise would you break it if you're honest tell the mirror what you know she's heard before i don't wanna be you anymore   hands hands getting cold losing feeling is getting old was i made from a broken mold hurt i can't shake we've made every mistake only you know the way that i break   if teardrops could be bottled there'd be swimming pools filled by models told a tight dress is what makes you a whore if i love you was a promise would you break it if you're honest tell the mirror what you know she's heard before i don't wanna be you i don't wanna be you i don't wanna be you anymore,2017.0,"['way', 'fall', 'apart', 'twice', 'day', 'wish', 'could', 'feel', 'say', 'show', 'never', 'tell', 'know', 'well', 'kind', 'mood', 'sell', 'teardrop', 'bottled', 'thered', 'swimming', 'pool', 'filled', 'model', 'told', 'tight', 'dress', 'make', 'whore', 'love', 'promise', 'would', 'break', 'honest', 'mirror', 'heard', 'wanna', 'anymore', 'hand', 'getting', 'cold', 'losing', 'feeling', 'old', 'made', 'broken', 'mold', 'hurt', 'cant', 'shake', 'weve', 'every', 'mistake']",0.13,0.689,0.182,Positive,0.182
Billie Eilish,​bury a friend,"WHEN WE ALL FALL ASLEEP, WHERE DO WE GO? (Japanese Import)",2019-01-30,mehki raine billie   billie eilish what do you want from me why don't you run from me what are you wondering what do you know why aren't you scared of me why do you care for me when we all fall asleep where do we go   billie eilish  mehki raine come here say it spit it out what is it exactly you're payin' is the amount cleanin' you out am i satisfactory today i'm thinkin' about the things that are deadly the way i'm drinkin' you down like i wanna drown like i wanna end me  refrain billie eilish step on the glass staple your tongue ahh bury a friend try to wake up ahahh cannibal class killing the son ahh bury a friend i wanna end me  pre billie eilish i wanna end me i wanna i wanna i wanna end me i wanna i wanna i wanna   billie eilish what do you want from me why don't you run from me what are you wondering what do you know why aren't you scared of me why do you care for me when we all fall asleep where do we go   billie eilish  mehki raine listen keep you in the dark what had you expected me to make you my art and make you a star and get you connected i'll meet you in the park i'll be calm and collected but we knew right from the start that you'd fall apart 'cause i'm too expensive it's probably somethin' that shouldn't be said out loud honestly i thought that i would be dead by now wow calling security keepin' my head held down bury the hatchet or bury a friend right now   billie eilish  mehki raine the debt i owe gotta sell my soul 'cause i can't say no no i can't say no then my limbs all froze and my eyes won't close and i can't say no i can't say no careful  refrain billie eilish step on the glass staple your tongue ahh bury a friend try to wake up ahahh cannibal class killing the son ahh bury a friend i wanna end me  pre billie eilish i wanna end me i wanna i wanna i wanna end me i wanna i wanna i wanna   billie eilish what do you want from me why don't you run from me what are you wondering what do you know why aren't you scared of me why do you care for me when we all fall asleep where do we go,2019.0,"['mehki', 'raine', 'billie', 'eilish', 'want', 'run', 'wondering', 'know', 'scared', 'care', 'fall', 'asleep', 'go', 'come', 'say', 'spit', 'exactly', 'payin', 'amount', 'cleanin', 'satisfactory', 'today', 'im', 'thinkin', 'thing', 'deadly', 'way', 'drinkin', 'like', 'wanna', 'drown', 'end', 'refrain', 'step', 'glass', 'staple', 'tongue', 'ahh', 'bury', 'friend', 'try', 'wake', 'ahahh', 'cannibal', 'class', 'killing', 'son', 'pre', 'listen', 'keep', 'dark', 'expected', 'make', 'art', 'star', 'get', 'connected', 'ill', 'meet', 'park', 'calm', 'collected', 'knew', 'right', 'start', 'apart', 'cause', 'expensive', 'probably', 'somethin', 'said', 'loud', 'honestly', 'thought', 'would', 'dead', 'wow', 'calling', 'security', 'keepin', 'head', 'held', 'hatchet', 'debt', 'owe', 'gotta', 'sell', 'soul', 'cant', 'limb', 'froze', 'eye', 'close', 'careful']",0.049,0.801,0.15,Positive,0.15
Billie Eilish,​i love you,"WHEN WE ALL FALL ASLEEP, WHERE DO WE GO? (Japanese Import)",2019-03-29,it's not true tell me ive been lied to crying isn't like you ooh what the hell did i do never been the type to let someone see right through ooh   maybe won't you take it back say you were tryna make me laugh and nothing has to change today you didnt mean to say i love you i love you and i don't want to ooh   up all night on another redeye i wish we never learned to fly maybe we should just try to tell ourselves a good lie didn't mean to make you cry   maybe won't you take it back say you were tryna make me laugh and nothing has to change today you didn't mean to say i love you i love you and i don't want to ooh   the smile that you gave me even when you felt like dying   we fall apart as it gets dark i'm in your arms in central park there's nothing you could do or say i cant escape the way i love you i dont want to but i love you ooh ooh ooh ooh ooh,2019.0,"['true', 'tell', 'ive', 'lied', 'cry', 'like', 'ooh', 'hell', 'never', 'type', 'let', 'someone', 'see', 'right', 'maybe', 'take', 'back', 'say', 'tryna', 'make', 'laugh', 'nothing', 'change', 'today', 'didnt', 'mean', 'love', 'want', 'night', 'another', 'redeye', 'wish', 'learned', 'fly', 'try', 'good', 'lie', 'smile', 'gave', 'even', 'felt', 'dying', 'fall', 'apart', 'get', 'dark', 'im', 'arm', 'central', 'park', 'there', 'could', 'cant', 'escape', 'way', 'dont']",0.091,0.764,0.145,Positive,0.145
Billie Eilish,​wish you were gay,"WHEN WE ALL FALL ASLEEP, WHERE DO WE GO? (Japanese Import)",2019-03-04,baby i don't feel so good six words you never understood i'll never let you go five words you'll never say aww i laugh along like nothing's wrong four days has never felt so long if three's a crowd and two was us one slipped away hahahahahahahaha   i just wanna make you feel okay but all you do is look the other way i can't tell you how much i wish i didn't wanna stay i just kinda wish you were gay   is there a reason we're not through is there a  step just for you our conversation's all in blue  heys hey hey hey hey ten fingers tearin' out my hair nine times you never made it there i ate alone at 7 you were six minutes away yay   how am i supposed to make you feel okay when all you do is walk the other way i can't tell you how much i wish i didn't wanna stay i just kinda wish you were gay   to spare my pride to give your lack of interest an explanation don't say i'm not your type just say that i'm not your preferred sexual orientation i'm so selfish but you make me feel helpless yeah and i can't stand another day stand another day   i just wanna make you feel okay but all you do is look the other way hmm i can't tell you how much i wish i didn't wanna stay i just kinda wish you were gay i just kinda wish you were gay i just kinda wish you were gay,2019.0,"['baby', 'feel', 'good', 'six', 'word', 'never', 'understood', 'ill', 'let', 'go', 'five', 'say', 'aww', 'laugh', 'along', 'like', 'nothing', 'wrong', 'four', 'day', 'felt', 'long', 'three', 'crowd', 'two', 'u', 'one', 'slipped', 'away', 'hahahahahahahaha', 'wanna', 'make', 'okay', 'look', 'way', 'cant', 'tell', 'much', 'wish', 'stay', 'kinda', 'gay', 'reason', 'were', 'step', 'conversation', 'blue', 'heys', 'hey', 'ten', 'finger', 'tearin', 'hair', 'nine', 'time', 'made', 'ate', 'alone', '7', 'minute', 'yay', 'supposed', 'walk', 'spare', 'pride', 'give', 'lack', 'interest', 'explanation', 'im', 'type', 'preferred', 'sexual', 'orientation', 'selfish', 'helpless', 'yeah', 'stand', 'another', 'hmm']",0.066,0.749,0.185,Positive,0.185
Billie Eilish,No Time To Die,No Time To Die (Original Motion Picture Soundtrack),2020-02-13,i should have known i'd leave alone just goes to show that the blood you bleed is just the blood you owe we were a pair but i saw you there too much to bear you were my life but life is far away from fair was i stupid to love you was i reckless to help was it obvious to everybody else   that i'd fallen for a lie you were never on my side fool me once fool me twice are you death or paradise now you'll never see me cry there's just no time to die   i let it burn you're no longer my concern mmm faces from my past return another lesson yet to learn   that i'd fallen for a lie you were never on my side fool me once fool me twice are you death or paradise now you'll never see me cry there's just no time to die  refrain no time to die mmm no time to die ooh   fool me once fool me twice are you death or paradise now you'll never see me cry there's just no time to die,2020.0,"['known', 'id', 'leave', 'alone', 'go', 'show', 'blood', 'bleed', 'owe', 'pair', 'saw', 'much', 'bear', 'life', 'far', 'away', 'fair', 'stupid', 'love', 'reckless', 'help', 'obvious', 'everybody', 'else', 'fallen', 'lie', 'never', 'side', 'fool', 'twice', 'death', 'paradise', 'see', 'cry', 'there', 'time', 'die', 'let', 'burn', 'longer', 'concern', 'mmm', 'face', 'past', 'return', 'another', 'lesson', 'yet', 'learn', 'refrain', 'ooh']",0.352,0.508,0.14,Negative,0.352
Billie Eilish,​​ocean eyes,dont smile at me,2015-11-19,i've been watchin' you for some time can't stop starin' at those ocean eyes burning cities and napalm skies fifteen flares inside those ocean eyes your ocean eyes   no fair you really know how to make me cry when you give me those ocean eyes i'm scared i've never fallen from quite this high fallin' into your ocean eyes those ocean eyes   i've been walkin' through a world gone blind can't stop thinkin' of your diamond mind careful creature made friends with time he left her lonely with a diamond mind and those ocean eyes   no fair no fair you really know how to make me cry when you give me those ocean eyes those ocean eyes i'm scared i'm scared i've never fallen from quite this high fallin' into your ocean eyes those ocean eyes   seye naeco esoht seye naeco ruoy otni 'nillaf dadadadada dadadadada hgih siht etiuq morf nellaf reven ev'i deracs m'i dadadadadada dadada seye naeco esoht em evig uoy nehw mmm yrc em ekam ot woh wonk yllaer uoy mmm riaf on   no fair you really know how to make me cry when you give me those ocean eyes i'm scared i've never fallen from quite this high fallin' into your ocean eyes those ocean eyes,2015.0,"['ive', 'watchin', 'time', 'cant', 'stop', 'starin', 'ocean', 'eye', 'burning', 'city', 'napalm', 'sky', 'fifteen', 'flare', 'inside', 'fair', 'really', 'know', 'make', 'cry', 'give', 'im', 'scared', 'never', 'fallen', 'quite', 'high', 'fallin', 'walkin', 'world', 'gone', 'blind', 'thinkin', 'diamond', 'mind', 'careful', 'creature', 'made', 'friend', 'left', 'lonely', 'seye', 'naeco', 'esoht', 'ruoy', 'otni', 'nillaf', 'dadadadada', 'hgih', 'siht', 'etiuq', 'morf', 'nellaf', 'reven', 'evi', 'deracs', 'mi', 'dadadadadada', 'dadada', 'em', 'evig', 'uoy', 'nehw', 'mmm', 'yrc', 'ekam', 'ot', 'woh', 'wonk', 'yllaer', 'riaf']",0.142,0.741,0.117,Negative,0.142
Billie Eilish,Therefore I Am,BE2*,2020-11-12,i'm not your friend or anything damn you think that you're the man i think therefore i am i'm not your friend or anything damn you think that you're the man i think therefore i am   stop what the hell are you talking about ha get my pretty name out of your mouth we are not the same with or without don't talk 'bout me like how you might know how i feel top of the world but your world isn't real your world's an ideal  pre so go have fun i really couldn't care less and you can give 'em my best but just know   i'm not your friend or anything damn you think that you're the man i think therefore i am i'm not your friend or anything damn you think that you're the man i think therefore i am   i don't want press to put your name next to mine we're on different lines so i wanna be nice enough they don't call my bluff 'cause i hate to find articles articles articles rather you remain unremarkable got a lotta interviews interviews interviews when they say your name i just act confused  pre did you have fun i really couldn't care less and you can give 'em my best but just know   i'm not your friend or anything damn you think that you're the man i think therefore i am i'm not your friend or anything damn you think that you're the man i think therefore i am   i'm sorry i don't think i caught your name i'm sorry i don't think i caught your name   i'm not your friend i'm not your friend or anything damn you think that you're the man they wanna they can try i think therefore i am i am i'm not your friend friend or anything damn they wanna you think that you're the man you're the man i think therefore i am therefore i am,2020.0,"['im', 'friend', 'anything', 'damn', 'think', 'man', 'therefore', 'stop', 'hell', 'talking', 'ha', 'get', 'pretty', 'name', 'mouth', 'without', 'talk', 'bout', 'like', 'might', 'know', 'feel', 'top', 'world', 'real', 'ideal', 'pre', 'go', 'fun', 'really', 'care', 'le', 'give', 'em', 'best', 'want', 'press', 'put', 'next', 'mine', 'were', 'different', 'line', 'wanna', 'nice', 'enough', 'call', 'bluff', 'cause', 'hate', 'find', 'article', 'rather', 'remain', 'unremarkable', 'got', 'lotta', 'interview', 'say', 'act', 'confused', 'sorry', 'caught', 'try']",0.214,0.687,0.098,Negative,0.214
Billie Eilish,​bellyache,dont smile at me,2017-02-24,mind mind   sittin' all alone mouth full of gum in the driveway my friends aren't far in the back of my car lay their bodies  pre where's my mind where's my mind   they'll be here pretty soon lookin' through my room for the money i'm bitin' my nails i'm too young to go to jail it's kinda funny  pre where's my mind where's my mind where's my mind where's my mind   maybe it's in the gutter where i left my lover what an expensive fake my v is for vendetta thought that i'd feel better but now i got a bellyache mind   everything i do the way i wear my noose like a necklace i wanna make 'em scared like i could be anywhere like i'm reckless  pre i lost my mind i don't mind where's my mind where's my mind   maybe it's in the gutter where i left my lover what an expensive fake my v is for vendetta thought that i'd feel better but now i got a bellyache bellyache bellyache bellyache bellyache bellyache bellyache maybe it's in the gutter where i left my lover what an expensive fake my v is for vendetta thought that i'd feel better but now i got a bellyache,2017.0,"['mind', 'sittin', 'alone', 'mouth', 'full', 'gum', 'driveway', 'friend', 'far', 'back', 'car', 'lay', 'body', 'pre', 'wheres', 'theyll', 'pretty', 'soon', 'lookin', 'room', 'money', 'im', 'bitin', 'nail', 'young', 'go', 'jail', 'kinda', 'funny', 'maybe', 'gutter', 'left', 'lover', 'expensive', 'fake', 'v', 'vendetta', 'thought', 'id', 'feel', 'better', 'got', 'bellyache', 'everything', 'way', 'wear', 'noose', 'like', 'necklace', 'wanna', 'make', 'em', 'scared', 'could', 'anywhere', 'reckless', 'lost']",0.097,0.737,0.166,Positive,0.166
Billie Eilish,​you should see me in a crown,"WHEN WE ALL FALL ASLEEP, WHERE DO WE GO? (Japanese Import)",2018-07-18,bite my tongue bide my time wearing a warning sign wait 'til the world is mine visions i vandalize cold in my kingdom size fell for these ocean eyes   you should see me in a crown i'm gonna run this nothing town watch me make 'em bow one by one by one one by one by you should see me in a crown your silence is my favorite sound watch me make 'em bow one by one by one one by one by one   count my cards watch them fall blood on a marble wall i like the way they all scream tell me which one is worse living or dying first sleeping inside a hearse i don't dream   you say come over baby i think you're pretty i'm okay i'm not your baby if you think i'm pretty   you should see me in a crown i'm gonna run this nothing town watch me make 'em bow one by one by one one by one by you should see me in a crown your silence is my favorite sound watch me make 'em bow one by one by one one by one by one   break   crown i'm gonna run this nothing town watch me make 'em bow one by one by one one by one by you should see me in a crown you should see me see me your silence is my favorite sound you should see me see me watch me make 'em bow one by one by one one by one by one,2018.0,"['bite', 'tongue', 'bide', 'time', 'wearing', 'warning', 'sign', 'wait', 'til', 'world', 'mine', 'vision', 'vandalize', 'cold', 'kingdom', 'size', 'fell', 'ocean', 'eye', 'see', 'crown', 'im', 'gonna', 'run', 'nothing', 'town', 'watch', 'make', 'em', 'bow', 'one', 'silence', 'favorite', 'sound', 'count', 'card', 'fall', 'blood', 'marble', 'wall', 'like', 'way', 'scream', 'tell', 'worse', 'living', 'dying', 'first', 'sleeping', 'inside', 'hearse', 'dream', 'say', 'come', 'baby', 'think', 'pretty', 'okay', 'break']",0.038,0.88,0.082,Positive,0.082
Billie Eilish,​my future,BE2*,2020-07-30,i can't seem to focus and you don't seem to notice i'm not here i'm just a mirror you check your complexion to find your reflection's all alone i had to go  pre can't you hear me i'm not comin' home do you understand i've changed my plans   'cause i i'm in love with my future can't wait to meet her and i i i'm in love but not with anybody else just wanna get to know myself   i know supposedly i'm lonely now lonely now know i'm supposed to be unhappy without someone someone but aren't i someone aren't i someone yeah i'd i'd like to be your answer be your answer 'cause you're so handsome you're so handsome  pre but i know better than to drive you home 'cause you'd invite me in and i'd be yours again   but i i i'm in love love love love love with my future and you don't know her ooh and i i'm in love love love but not with anybody here i'll see you in a couple years,2020.0,"['cant', 'seem', 'focus', 'notice', 'im', 'mirror', 'check', 'complexion', 'find', 'reflection', 'alone', 'go', 'pre', 'hear', 'comin', 'home', 'understand', 'ive', 'changed', 'plan', 'cause', 'love', 'future', 'wait', 'meet', 'anybody', 'else', 'wanna', 'get', 'know', 'supposedly', 'lonely', 'supposed', 'unhappy', 'without', 'someone', 'yeah', 'id', 'like', 'answer', 'handsome', 'better', 'drive', 'invite', 'ooh', 'ill', 'see', 'couple', 'year']",0.061,0.626,0.313,Positive,0.313
Billie Eilish,​all the good girls go to hell,"WHEN WE ALL FALL ASLEEP, WHERE DO WE GO? (Japanese Import)",2019-03-29,my lucifer is lonely   standing there killing time can't commit to anything but a crime peter's on vacation an open invitation animals evidence pearly gates look more like a picket fence once you get inside 'em got friends but can't invite them  pre hills burn in california my turn to ignore ya don't say i didn't warn ya   all the good girls go to hell 'cause even god herself has enemies and once the water starts to rise and heaven's out of sight she'll want the devil on her team  post my lucifer is lonely   look at you needing me you know i'm not your friend without some greenery walk in wearin' fetters peter should know better your cover up is caving in man is such a fool why are we saving him poisoning themselves now begging for our help wow  pre hills burn in california my turn to ignore ya don't say i didn't warn ya   all the good girls go to hell all the good girls go to hell 'cause even god herself god herself has enemies and once the water starts to rise water starts to rise and heaven's out of sight she'll want the devil on her team  post my lucifer is lonely there's nothing left to save now my god is gonna owe me there's nothing left to save now   haha i cannot do the snowflake,2019.0,"['lucifer', 'lonely', 'standing', 'killing', 'time', 'cant', 'commit', 'anything', 'crime', 'peter', 'vacation', 'open', 'invitation', 'animal', 'evidence', 'pearly', 'gate', 'look', 'like', 'picket', 'fence', 'get', 'inside', 'em', 'got', 'friend', 'invite', 'pre', 'hill', 'burn', 'california', 'turn', 'ignore', 'ya', 'say', 'warn', 'good', 'girl', 'go', 'hell', 'cause', 'even', 'god', 'enemy', 'water', 'start', 'rise', 'heaven', 'sight', 'shell', 'want', 'devil', 'team', 'post', 'needing', 'know', 'im', 'without', 'greenery', 'walk', 'wearin', 'fetter', 'better', 'cover', 'caving', 'man', 'fool', 'saving', 'poisoning', 'begging', 'help', 'wow', 'there', 'nothing', 'left', 'save', 'gonna', 'owe', 'haha', 'cannot', 'snowflake']",0.269,0.578,0.153,Negative,0.269
Billie Eilish,​xanny,"WHEN WE ALL FALL ASLEEP, WHERE DO WE GO? (Japanese Import)",2019-03-29,what is it about them i must be missing something they just keep doing nothing too intoxicated to be scared better off without them they're nothing but unstable bring ashtrays to the table and that's about the only thing they share   i'm in their secondhand smoke still just drinking canned coke i don't need a xanny to feel better on designated drives home only one who's not stoned don't give me a xanny now or ever  interlude can you check your uber rating oh my god and it's like wait like when   wakin' up at sundown ooh they're late to every party ooh nobody's ever sorry ooh too inebriated now to dance morning as they come down come down their pretty heads are hurting hurting they're awfully bad at learning learning make the same mistakes blame circumstance   i'm in their secondhand smoke still just drinking canned coke i don't need a xanny to feel better on designated drives home only one who's not stoned don't give me a xanny now or ever   please don't try to kiss me on the sidewalk on your cigarette break i can't afford to love someone who isn't dying by mistake in silver lake   what is it about them i must be missing something they just keep doin' nothing too intoxicated to be scared hmm hmm hmm mmm mmm mmm mmm come down hurting learning,2019.0,"['must', 'missing', 'something', 'keep', 'nothing', 'intoxicated', 'scared', 'better', 'without', 'theyre', 'unstable', 'bring', 'ashtray', 'table', 'thats', 'thing', 'share', 'im', 'secondhand', 'smoke', 'still', 'drinking', 'canned', 'coke', 'need', 'xanny', 'feel', 'designated', 'drive', 'home', 'one', 'who', 'stoned', 'give', 'ever', 'interlude', 'check', 'uber', 'rating', 'oh', 'god', 'like', 'wait', 'wakin', 'sundown', 'ooh', 'late', 'every', 'party', 'nobody', 'sorry', 'inebriated', 'dance', 'morning', 'come', 'pretty', 'head', 'hurting', 'awfully', 'bad', 'learning', 'make', 'mistake', 'blame', 'circumstance', 'please', 'try', 'kiss', 'sidewalk', 'cigarette', 'break', 'cant', 'afford', 'love', 'someone', 'dying', 'silver', 'lake', 'doin', 'hmm', 'mmm']",0.151,0.713,0.137,Negative,0.151
Billie Eilish,​ilomilo,"WHEN WE ALL FALL ASLEEP, WHERE DO WE GO? (Japanese Import)",2019-03-29,told you not to worry but maybe that's a lie honey what's your hurry won't you stay inside remember not to get too close to stars they're never gonna give you love like ours   where did you go i should know but it's cold and i don't wanna be lonely so show me the way home i can't lose another life  refrain hurry i'm worried   the world's a little blurry or maybe it's my eyes the friends i've had to bury they keep me up at night said i couldn't love someone 'cause i might break if you're gonna die not by mistake   so where did you go i should know but it's cold and i don't wanna be lonely so tell me you'll come home even if it's just a lie   i tried not to upset you let you rescue me the day i met you i just wanted to protect you but now i'll never get to  refrain hurry i'm worried   where did you go i should know but it's cold and i don't wanna be lonely was hoping you'd come home i don't care if it's a lie,2019.0,"['told', 'worry', 'maybe', 'thats', 'lie', 'honey', 'whats', 'hurry', 'stay', 'inside', 'remember', 'get', 'close', 'star', 'theyre', 'never', 'gonna', 'give', 'love', 'like', 'go', 'know', 'cold', 'wanna', 'lonely', 'show', 'way', 'home', 'cant', 'lose', 'another', 'life', 'refrain', 'im', 'worried', 'world', 'little', 'blurry', 'eye', 'friend', 'ive', 'bury', 'keep', 'night', 'said', 'someone', 'cause', 'might', 'break', 'die', 'mistake', 'tell', 'come', 'even', 'tried', 'upset', 'let', 'rescue', 'day', 'met', 'wanted', 'protect', 'ill', 'hoping', 'care']",0.071,0.708,0.221,Positive,0.221
Billie Eilish,​listen before i go,"WHEN WE ALL FALL ASLEEP, WHERE DO WE GO? (Japanese Import)",2019-03-29,take me to the rooftop i wanna see the world when i stop breathing turnin' blue tell me love is endless don't be so pretentious leave me like you do like you do  pre if you need me wanna see me better hurry 'cause i'm leavin' soon   sorry can't save me now sorry i don't know how sorry there's no way out sorry but down hmm down   taste me the salty tears on my cheek that's what a yearlong headache does to you i'm not okay i feel so scattered don't say i'm all that matters leave me déjà vu hmm  pre if you need me wanna see me you better hurry i'm leavin' soon   sorry can't save me now sorry sorry i don't know how sorry sorry there's no way out sorry but down hmm down   call my friends and tell them that i love them and i'll miss them but i'm not sorry call my friends and tell them that i love them and i'll miss them sorry,2019.0,"['take', 'rooftop', 'wanna', 'see', 'world', 'stop', 'breathing', 'turnin', 'blue', 'tell', 'love', 'endless', 'pretentious', 'leave', 'like', 'pre', 'need', 'better', 'hurry', 'cause', 'im', 'leavin', 'soon', 'sorry', 'cant', 'save', 'know', 'there', 'way', 'hmm', 'taste', 'salty', 'tear', 'cheek', 'thats', 'yearlong', 'headache', 'okay', 'feel', 'scattered', 'say', 'matter', 'déjà', 'vu', 'call', 'friend', 'ill', 'miss']",0.185,0.649,0.166,Negative,0.185
Billie Eilish,​my strange addiction,"WHEN WE ALL FALL ASLEEP, WHERE DO WE GO? (Japanese Import)",2019-03-29,no billy i haven't done that dance since my wife died theres a whole crowd of people out there who need to learn how to do the scarn   don't ask questions you don't wanna know learned my lesson way too long ago to be talkin to you belladonna shoulda taken a break not an oxford comma take what i want when i wanna and i want ya  pre bad bad news one of us is gonna lose i'm the powder you're the fuse just add some friction   you are my strange addiction you are my strange addiction my doctors can't explain my symptoms or my pain but you are my strange addiction  interlude i'm really really sorry i think i was just relieved to see that michael scarn got his confidence back yeah michael the movie is amazing it's like one of the best movies i've ever seen in my life   deadly fever please don't ever break be my reliever cause i dont self medicate and it burns like a gin and i like it put your lips on my skin and you might ignite it hurts but i know how to hide it kinda like it teh  pre bad bad news one of us is gonna lose i'm the powder youre the fuse just add some friction   you are my strange addiction you are my strange addiction my doctors can't explain my symptoms or my pain but you are my strange addiction   bite my glass set myself on fire can't you tell i'm crass cant you tell i'm wired tell me nothing lasts like i don't know you could kiss my asking about my motto  interlude you should enter it in festivals or carnivals thoughts pretty good reaction pretty cool right   you are my strange addiction you are my strange addiction my doctors can't explain my symptoms or my pain but you are my strange addiction   did you like it did you like that um which part,2019.0,"['billy', 'done', 'dance', 'since', 'wife', 'died', 'there', 'whole', 'crowd', 'people', 'need', 'learn', 'scarn', 'ask', 'question', 'wanna', 'know', 'learned', 'lesson', 'way', 'long', 'ago', 'talkin', 'belladonna', 'shoulda', 'taken', 'break', 'oxford', 'comma', 'take', 'want', 'ya', 'pre', 'bad', 'news', 'one', 'u', 'gonna', 'lose', 'im', 'powder', 'fuse', 'add', 'friction', 'strange', 'addiction', 'doctor', 'cant', 'explain', 'symptom', 'pain', 'interlude', 'really', 'sorry', 'think', 'relieved', 'see', 'michael', 'got', 'confidence', 'back', 'yeah', 'movie', 'amazing', 'like', 'best', 'ive', 'ever', 'seen', 'life', 'deadly', 'fever', 'please', 'reliever', 'cause', 'dont', 'self', 'medicate', 'burn', 'gin', 'put', 'lip', 'skin', 'might', 'ignite', 'hurt', 'hide', 'kinda', 'teh', 'youre', 'bite', 'glass', 'set', 'fire', 'tell', 'crass', 'wired', 'nothing', 'last', 'could', 'kiss', 'asking', 'motto', 'enter', 'festival', 'carnival', 'thought', 'pretty', 'good', 'reaction', 'cool', 'right', 'um', 'part']",0.157,0.659,0.184,Positive,0.184
Billie Eilish,​watch,dont smile at me,2017-06-30,lips meet teeth and tongue my heart skips eight beats at once if we were meant to be we would have been by now see what you wanna see but all i see is him right now   i'll sit and watch your car burn with the fire that you started in me but you never came back to ask it out go ahead and watch my heart burn with the fire that you started in me but i'll never let you back to put it out   your love feels so fake and my demands aren't high to make if i could get to sleep i would have slept by now your lies will never keep i think you need to blow 'em out   i'll sit and watch your car burn with the fire that you started in me but you never came back to ask it out go ahead and watch my heart burn with the fire that you started in me but i'll never let you back to put it out   when you call my name do you think i'll come runnin' you never did the same so good at givin' me nothin' when you close your eyes do you picture me when you fantasize am i your fantasy now you know now i'm free   i'll sit and watch your car burn with the fire that you started in me but you never came back to ask it out watch my heart burn with the fire that you started in me but i'll never let you back to put it out   never let you back let you back let you back never gonna let you back let you back,2017.0,"['lip', 'meet', 'teeth', 'tongue', 'heart', 'skip', 'eight', 'beat', 'meant', 'would', 'see', 'wanna', 'right', 'ill', 'sit', 'watch', 'car', 'burn', 'fire', 'started', 'never', 'came', 'back', 'ask', 'go', 'ahead', 'let', 'put', 'love', 'feel', 'fake', 'demand', 'high', 'make', 'could', 'get', 'sleep', 'slept', 'lie', 'keep', 'think', 'need', 'blow', 'em', 'call', 'name', 'come', 'runnin', 'good', 'givin', 'nothin', 'close', 'eye', 'picture', 'fantasize', 'fantasy', 'know', 'im', 'free', 'gonna']",0.088,0.862,0.05,Negative,0.088
Billie Eilish,​hostage,dont smile at me,2017-08-11,i wanna be alone alone with you does that make sense i wanna steal your soul and hide you in my treasure chest i don't know what to do to do with your kiss on my neck i don't know what feels true but this feels right so stay a sec yeah you feel right so stay a sec   and let me crawl inside your veins i'll build a wall give you a ball and chain it's not like me to be so mean you're all i wanted just let me hold you like a hostage   gold on your fingertips fingertips against my cheek gold leaf across your lips kiss me until i can't speak gold chain beneath your shirt the shirt that you let me wear home gold's fake and real love hurts but nothing hurts when i'm alone when you're with me and we're alone   and let me crawl inside your veins i'll build a wall give you a ball and chain it's not like me to be so mean you're all i wanted just let me hold you hold you like a hostage like a hostage,2017.0,"['wanna', 'alone', 'make', 'sense', 'steal', 'soul', 'hide', 'treasure', 'chest', 'know', 'kiss', 'neck', 'feel', 'true', 'right', 'stay', 'sec', 'yeah', 'let', 'crawl', 'inside', 'vein', 'ill', 'build', 'wall', 'give', 'ball', 'chain', 'like', 'mean', 'wanted', 'hold', 'hostage', 'gold', 'fingertip', 'cheek', 'leaf', 'across', 'lip', 'cant', 'speak', 'beneath', 'shirt', 'wear', 'home', 'fake', 'real', 'love', 'hurt', 'nothing', 'im', 'were']",0.179,0.734,0.087,Negative,0.179
Billie Eilish,​my boy,dont smile at me,2017-07-28,three and four and babada babadabada mmm mmm   my boy's bein' sus he was shady enough but now he's just a shadow my boy loves his friends like i love my split ends and by that i mean he cuts 'em off what   my boy my boy my boy don't love me like he promised my boy my boy my boy he ain't a man and sure as hell ain't honest   my boy's bein' sus and he don't know how to cuss he just sounds like he's tryna be his father who are you my boy's an ugly crier but he's such a pretty liar and by that i mean he said he'd change   my boy my boy my boy don't love me like he promised my boy my boy my boy he ain't a man and sure as hell ain't honest   my boy mymy boy my friends i lovelove ii lovelove my split ends my boy love love love love love love mymy boy love love love love love love my boy my love love love love love love love love alright dude go trip over a knife   my boy my boy my boy don't love me like he promised my boy my boy my boy he ain't a man and sure as hell ain't honest   you want me to be yours well then you gotta be mine and if you want a good girl then goodbye you want me to be yours well then you gotta be mine and if you want a good girl then goodbye,2017.0,"['three', 'four', 'babada', 'babadabada', 'mmm', 'boy', 'bein', 'sus', 'shady', 'enough', 'he', 'shadow', 'love', 'friend', 'like', 'split', 'end', 'mean', 'cut', 'em', 'promised', 'aint', 'man', 'sure', 'hell', 'honest', 'know', 'cuss', 'sound', 'tryna', 'father', 'ugly', 'crier', 'pretty', 'liar', 'said', 'hed', 'change', 'mymy', 'lovelove', 'ii', 'alright', 'dude', 'go', 'trip', 'knife', 'want', 'well', 'gotta', 'mine', 'good', 'girl', 'goodbye']",0.123,0.429,0.448,Positive,0.448
Billie Eilish,Six Feet Under,,2016-11-17,help i lost myself again but i remember you don't come back it won't end well but i wish you'd tell me to   our love is six feet under i can't help but wonder if our grave was watered by the rain would roses bloom could roses bloom again   retrace my lips erase your touch it's all too much for me blow away like smoke in air how can you die carelessly   our love is six feet under i can't help but wonder if our grave was watered by the rain would roses bloom could roses bloom   they're playin' our sound layin' us down tonight and all of these clouds crying us back to life but you're cold as a knife   six feet under i can't help but wonder if our grave was watered by the rain bloom bloom again   help i lost myself again but i remember you,2016.0,"['help', 'lost', 'remember', 'come', 'back', 'end', 'well', 'wish', 'tell', 'love', 'six', 'foot', 'cant', 'wonder', 'grave', 'watered', 'rain', 'would', 'rose', 'bloom', 'could', 'retrace', 'lip', 'erase', 'touch', 'much', 'blow', 'away', 'like', 'smoke', 'air', 'die', 'carelessly', 'theyre', 'playin', 'sound', 'layin', 'u', 'tonight', 'cloud', 'cry', 'life', 'cold', 'knife']",0.156,0.658,0.186,Positive,0.186
Billie Eilish,8,"WHEN WE ALL FALL ASLEEP, WHERE DO WE GO? (Japanese Import)",2019-03-29,wait a minute let me finish i know you don't care but can you listen i came committed guess i overdid it wore my heart out on a chain around my neck but now it's missin' hmm  refrain dadadadadada hmm dadadadadadada hmm hmm hmm hmm oh hmm hmm   so i think i better go i never really know how to please you you're lookin' at me like i'm seethrough i guess i'm gonna go i just never know how you feel do you even feel anything  refrain dadadadadadada dadadadadadada oh hmm hmm   you said don't treat me badly but you said it so sadly so i did the best i could not thinkin' you would have left me gladly i know you're not sorry why should you be 'cause who am i to be in love when your love never is for me me  refrain dadadadadadada hmm dadadadadadada hmm hmm hmm hmm oh hmm hmm   so i think i better go i never really know how to please you you're lookin' at me like i'm seethrough i guess i'm gonna go i just never know how you feel do you even feel anything,2019.0,"['wait', 'minute', 'let', 'finish', 'know', 'care', 'listen', 'came', 'committed', 'guess', 'overdid', 'wore', 'heart', 'chain', 'around', 'neck', 'missin', 'hmm', 'refrain', 'dadadadadada', 'dadadadadadada', 'oh', 'think', 'better', 'go', 'never', 'really', 'please', 'lookin', 'like', 'im', 'seethrough', 'gonna', 'feel', 'even', 'anything', 'said', 'treat', 'badly', 'sadly', 'best', 'could', 'thinkin', 'would', 'left', 'gladly', 'sorry', 'cause', 'love']",0.044,0.729,0.227,Positive,0.227
Billie Eilish,​bitches broken hearts,dont smile at me (Japanese Import),2017-11-10,you can pretend you don't miss me me you can pretend you don't care all you wanna do is kiss me me oh what a shame i'm not there you can pretend you don't miss me me you can pretend you don't care all you wanna do is kiss me me well what a shame i'm not there   what is it you want you can lie but i know that you're not fine every time you talk it's all 'bout me but you swear i'm not on your mind   you can pretend you don't miss me me you can pretend you don't care all you wanna do is kiss me me oh what a shame i'm not there   everybody knows you and i are suicide and stolen art art pretty mama sews stitches into all your bitches broken hearts   you can pretend you don't miss me me you can pretend you don't care all you wanna do is kiss me me oh what a shame i'm not there   somebody new is gonna comfort you like you want me to somebody new is gonna comfort me like you never do   every now and then it hits me that i'm the one that got away but i guess being lonely fits me and you were made for begging stay,2017.0,"['pretend', 'miss', 'care', 'wanna', 'kiss', 'oh', 'shame', 'im', 'well', 'want', 'lie', 'know', 'fine', 'every', 'time', 'talk', 'bout', 'swear', 'mind', 'everybody', 'suicide', 'stolen', 'art', 'pretty', 'mama', 'sews', 'stitch', 'bitch', 'broken', 'heart', 'somebody', 'new', 'gonna', 'comfort', 'like', 'never', 'hit', 'one', 'got', 'away', 'guess', 'lonely', 'fit', 'made', 'begging', 'stay']",0.224,0.634,0.142,Negative,0.224
Billie Eilish,​​come out and play,"WHEN WE ALL FALL ASLEEP, WHERE DO WE GO? (Japanese Import)",2018-11-20,hmmmm   wake up and smell the coffee is your cup half full or empty when we talk you say it softly but i love it when you're awfully quiet hmmmm quiet hmmmm  pre you see the piece of paper could be a little greater show me what you could make her you'll never know until you try it hmmmm and you don't have to keep it quiet   and i know it makes you nervous but i promise you it's worth it to show 'em everything you kept inside don't hide don't hide too shy to say but i hope you stay don't hide away come out and play   look up out of your window see snow won't let it in though leave home feel the wind blow 'cause it's colder here inside in silence and you don't have to keep it quiet   yeah i know it makes you nervous but i promise you it's worth it to show 'em everything you kept inside don't hide don't hide too shy to say but i hope you stay don't hide away come out and play,2018.0,"['hmmmm', 'wake', 'smell', 'coffee', 'cup', 'half', 'full', 'empty', 'talk', 'say', 'softly', 'love', 'awfully', 'quiet', 'pre', 'see', 'piece', 'paper', 'could', 'little', 'greater', 'show', 'make', 'never', 'know', 'try', 'keep', 'nervous', 'promise', 'worth', 'em', 'everything', 'kept', 'inside', 'hide', 'shy', 'hope', 'stay', 'away', 'come', 'play', 'look', 'window', 'snow', 'let', 'though', 'leave', 'home', 'feel', 'wind', 'blow', 'cause', 'colder', 'silence', 'yeah']",0.038,0.721,0.241,Positive,0.241
Billie Eilish,​​party favor,dont smile at me,2017-08-11,hey leave a message   hey call me back when ya get this or when you've got a minute we really need to talk wait you know what maybe just forget it 'cause by the time you get this your number might be blocked  pre stay and blah blah blah you just want what you can't have no way i'll call the cops if you don't stop i'll call your dad   and i hate to do this to you on your birthday happy birthday by the way it's not you it's me and all that other bullshit you know that's bullshit don'tcha babe i'm not your party favor   look now i know we coulda done it better but we can't change the weather when the weather's come and gone books don't make sense if you read 'em backwards you'll single out the wrong words like you mishear all my songs  pre you'll hear stay and blah blah blah you just want what you can't have no way i'll call the cops if you don't stop i'll call your dad   and i hate to do this to you on your birthday happy birthday by the way it's not you it's me and all that other bullshit you know that's bullshit don'tcha babe i'm not your party favor,2017.0,"['hey', 'leave', 'message', 'call', 'back', 'ya', 'get', 'got', 'minute', 'really', 'need', 'talk', 'wait', 'know', 'maybe', 'forget', 'cause', 'time', 'number', 'might', 'blocked', 'pre', 'stay', 'blah', 'want', 'cant', 'way', 'ill', 'cop', 'stop', 'dad', 'hate', 'birthday', 'happy', 'bullshit', 'thats', 'dontcha', 'babe', 'im', 'party', 'favor', 'look', 'coulda', 'done', 'better', 'change', 'weather', 'come', 'gone', 'book', 'make', 'sense', 'read', 'em', 'backwards', 'single', 'wrong', 'word', 'like', 'mishear', 'song', 'hear']",0.192,0.713,0.095,Negative,0.192
Billie Eilish,6.18.18*,Unreleased Songs,2018-12-17,our time is up your eyes are shut i won't get to tell you what i needed you to know it's dark enough the moonlight doesn't show and all my love could never bring you home   there's no more stars to find and i'm too far behind and i'd love to let you go i'd love to let you go you're all that's on my mind i called a thousand times and i have to let you go but i love you more and more than you could know   i sat alone awaited your reply was driven home when i started to cry i should've known i should've said goodbye i only hoped i would've had more time   there's no more stars to find and i'm too far behind and i'd love to let you go i'd love to let you go you're always on my mind when i called a thousand times and i have to let you go but i love you more and more than you could knowoh   ohuhuhuhuhuhuhuh dadadadada dadarada we're both too young to live and die this way a sunny summer day with so much left to say not  the 8th out of pain the day you couldn't stay you made me wanna pray but i think god's fake   there's no more stars to find and i'm too far behind and i'd love to let you go i'd love to let you go you're all that's on my mind when i called a thousand times and i have to let you go but i love you more and more and more and more and more more and more more and more and more than you will ever know you will never know you will never know,2018.0,"['time', 'eye', 'shut', 'get', 'tell', 'needed', 'know', 'dark', 'enough', 'moonlight', 'show', 'love', 'could', 'never', 'bring', 'home', 'there', 'star', 'find', 'im', 'far', 'behind', 'id', 'let', 'go', 'thats', 'mind', 'called', 'thousand', 'sat', 'alone', 'awaited', 'reply', 'driven', 'started', 'cry', 'known', 'said', 'goodbye', 'hoped', 'wouldve', 'always', 'knowoh', 'ohuhuhuhuhuhuhuh', 'dadadadada', 'dadarada', 'were', 'young', 'live', 'die', 'way', 'sunny', 'summer', 'day', 'much', 'left', 'say', '8th', 'pain', 'stay', 'made', 'wanna', 'pray', 'think', 'god', 'fake', 'ever']",0.087,0.743,0.17,Positive,0.17
Billie Eilish,​goodbye,"WHEN WE ALL FALL ASLEEP, WHERE DO WE GO? (Japanese Import)",2019-03-29,please please don't leave me be  verse it's not true take me to the rooftop told you not to worry what do you want from me don't ask questions wait a minute don't you know i'm no good for you baby i don't feel so good and all the good girls go to hell bite my tongue bide my time what is it about them i'm the bad guy,2019.0,"['please', 'leave', 'verse', 'true', 'take', 'rooftop', 'told', 'worry', 'want', 'ask', 'question', 'wait', 'minute', 'know', 'im', 'good', 'baby', 'feel', 'girl', 'go', 'hell', 'bite', 'tongue', 'bide', 'time', 'bad', 'guy']",0.147,0.641,0.212,Positive,0.212
Billie Eilish,Bored,13 Reasons Why (Season 1),2017-03-30,aah aah   the games you played were never fun you'd say you'd stay but then you'd run aah  pre giving you what you're begging for giving you what you say i need i don't want any settled scores i just want you to set me free giving you what you're begging for giving you what you say i need say i need   i'm not afraid anymore what makes you sure you're all i need i need forget about it when you walk out the door and leave me torn you're teaching me to live without it bored i'm so bored i'm so bored so bored   i'm home alone you're godknowswhere i hope you don't think that shit's fair aah  pre giving you all you want and more giving you every piece of me i don't want love i can't afford i just want you to love for free can't you see that i'm getting bored giving you every piece of me piece of me   i'm not afraid anymore what makes you sure you're all i need forget about it when you walk out the door and leave me torn you're teaching me to live without it bored i'm so bored i'm so bored so bored  pre giving you what you're begging for giving you what you say i need i don't want any settled scores i just want you to set me free giving you what you're begging for giving you what you say i need say i need   i'm not afraid anymore what makes you sure you're all i need forget about it and when you walk out the door and leave me torn you're teaching me to live without it,2017.0,"['aah', 'game', 'played', 'never', 'fun', 'say', 'stay', 'run', 'pre', 'giving', 'begging', 'need', 'want', 'settled', 'score', 'set', 'free', 'im', 'afraid', 'anymore', 'make', 'sure', 'forget', 'walk', 'door', 'leave', 'torn', 'teaching', 'live', 'without', 'bored', 'home', 'alone', 'godknowswhere', 'hope', 'think', 'shit', 'fair', 'every', 'piece', 'love', 'cant', 'afford', 'see', 'getting']",0.121,0.63,0.249,Positive,0.249
Billie Eilish,WHEN I WAS OLDER,"WHEN WE ALL FALL ASLEEP, WHERE DO WE GO? (Japanese Import)",2019-01-09,when i was older i was a sailor on an open sea but now i'm underwater and my skin is paler than it should ever be hmm  verse i'm on my back again dreaming of a time and place where you and i remain the best of friends even after all this ends can we pretend i'm on my i'm on my back again it's seeming more and more like all we ever do is see how far it bends before it breaks in half and then we bend it back again  pre guess i got caught in the middle of it yes i've been taught got a little of it in my blood in my blood memories burn like a forest fire heavy rain turns any funeral pyre to mud in the flood   when i was older i was a sailor on an open sea but now i'm underwater and my skin is paler than it should ever be   i'm watching movies back to back in black and white i never seen anybody do it like i do it any better been goin' over you i'm overdue for new endeavors nobody lonely like i'm lonely and i don't know whether you'd really like it in the limelight you'd sympathize with all the bad guys i'm still a victim in my own right but i'm the villain in my own eyes yeah   when i was older i was a sailor on an open sea,2019.0,"['older', 'sailor', 'open', 'sea', 'im', 'underwater', 'skin', 'paler', 'ever', 'hmm', 'verse', 'back', 'dreaming', 'time', 'place', 'remain', 'best', 'friend', 'even', 'end', 'pretend', 'seeming', 'like', 'see', 'far', 'bend', 'break', 'half', 'pre', 'guess', 'got', 'caught', 'middle', 'yes', 'ive', 'taught', 'little', 'blood', 'memory', 'burn', 'forest', 'fire', 'heavy', 'rain', 'turn', 'funeral', 'pyre', 'mud', 'flood', 'watching', 'movie', 'black', 'white', 'never', 'seen', 'anybody', 'better', 'goin', 'overdue', 'new', 'endeavor', 'nobody', 'lonely', 'know', 'whether', 'really', 'limelight', 'sympathize', 'bad', 'guy', 'still', 'victim', 'right', 'villain', 'eye', 'yeah']",0.097,0.755,0.147,Positive,0.147
Billie Eilish,The End of the World,,,breathe the air again it's a beautiful day i wish this moment would stay with the earth some primal paradise but there you go again saying everything ends saying you can't depend on anything or anyone   if the end of the world was near where would you choose to be if there was five more minutes of air would you panic and hide or run for your life or stand here and spend it with me if we had five more minutes would i could i make you happy   and we would live again in the simplest of ways living day after day like some primal animals we would love again under glorious suns with the freedom that comes with the truth   if the end of the world was near where would you choose to be if there was five more minutes of air would you panic and hide or run for your life or stand here and spend it with me if we had five more minutes would i could i make you happy   so it finally came to pass i saw the end of the world saw the madness unfold like some primal burial and i looked back upon armageddon and the moment of truth between you and me   if we had five more minutes of air to breathe and we cried all through it but you spent them with me on our last few drags of air we agree i was and you were happy,,"['breathe', 'air', 'beautiful', 'day', 'wish', 'moment', 'would', 'stay', 'earth', 'primal', 'paradise', 'go', 'saying', 'everything', 'end', 'cant', 'depend', 'anything', 'anyone', 'world', 'near', 'choose', 'five', 'minute', 'panic', 'hide', 'run', 'life', 'stand', 'spend', 'could', 'make', 'happy', 'live', 'simplest', 'way', 'living', 'like', 'animal', 'love', 'glorious', 'sun', 'freedom', 'come', 'truth', 'finally', 'came', 'pas', 'saw', 'madness', 'unfold', 'burial', 'looked', 'back', 'upon', 'armageddon', 'cried', 'spent', 'last', 'drag', 'agree']",0.075,0.738,0.187,Positive,0.187
Billie Eilish,!!!!!!!,"WHEN WE ALL FALL ASLEEP, WHERE DO WE GO? (Japanese Import)",2019-03-29,spoken billie eilish  finneas my invisalign has finally i have taken out my invisalign i have taken out my invisalign and this is the album hahahahahahahahahahaha ahh,2019.0,"['spoken', 'billie', 'eilish', 'finneas', 'invisalign', 'finally', 'taken', 'album', 'hahahahahahahahahahaha', 'ahh']",0.0,1.0,0.0,Neutral,1.0
Billie Eilish,Fingers Crossed,Unreleased Songs,2015-09-14,in the end when they're all gone when the world is silent and the days are long just you and i we'll be alive we made it on our own   'cause everybody makes it 'till they don't and everybody wants to think they won't 'cause everybody makes it 'till they don't and everybody seems to think they won't they won't they won't they won't   maybe i'm still alive but my heart is beating slow baby tell me i gotta know are you okay you seem too far gone infected standing there all alone   'cause everybody makes it 'till they don't and everybody wants to think they won't and everybody makes it 'till they don't and everybody seems to think they won't they won't they won't they won't  post the best of me the best of me is you the best of me the best of me was you   whoa whoa whoa whoa ladum badum mmmm,2015.0,"['end', 'theyre', 'gone', 'world', 'silent', 'day', 'long', 'well', 'alive', 'made', 'cause', 'everybody', 'make', 'till', 'want', 'think', 'seems', 'maybe', 'im', 'still', 'heart', 'beating', 'slow', 'baby', 'tell', 'gotta', 'know', 'okay', 'seem', 'far', 'infected', 'standing', 'alone', 'post', 'best', 'whoa', 'ladum', 'badum', 'mmmm']",0.163,0.804,0.033,Negative,0.163
Billie Eilish,​sHE’s brOKen,Unreleased Songs,2015-08-01,another story of girl meets boy and gets destroyed uh oh another promise broken in two the lucky view of fiction  pre fade away fade away teach me how to fade away another story of girl meets boy   he's okay she's broken he's the ocean waves she's chokin' fade away fade away teach me how to fade away another story of girl meets boy   so picture perfect it can't be real and all you feel is numb you see them talking but hear no sound to hit the ground and fade   he's okay she's broken he's the ocean waves she's chokin'   don't want it don't need it don't want it don't want it don't need it don't want it don't want it don't need it don't want it don't need it don't don't need it don't need it don't don't need it don't need it don't don't need it,2015.0,"['another', 'story', 'girl', 'meet', 'boy', 'get', 'destroyed', 'uh', 'oh', 'promise', 'broken', 'two', 'lucky', 'view', 'fiction', 'pre', 'fade', 'away', 'teach', 'he', 'okay', 'ocean', 'wave', 'chokin', 'picture', 'perfect', 'cant', 'real', 'feel', 'numb', 'see', 'talking', 'hear', 'sound', 'hit', 'ground', 'want', 'need']",0.139,0.806,0.055,Negative,0.139
Billie Eilish,​limbo*,Unreleased Songs,2017-08-21,i'm not crying on the phone when you call what's the use in begging you to stay i'm not trying to save us anymore cut me loose 'cause you're too far away   to make me feel better make it alright to give me your sweater hold my hand tight seven days in limbo push me out the window nothing in common nothing to lose nothing but problems between me and you with your arms akimbo seven days in limbo seven days   i'll give all my weapons to you we've said it all no more bones to break i'm done thinking that we might just spark enough we're broken glass waiting to be washed away   can't make me feel better make it alright give me your sweater hold my hand tight seven days in limbo push me out the window nothing in common nothing to lose nothing but problems between me and you with your arms akimbo seven days in limbo seven days   if you love me let me go if you love me leave limbo   can't make me feel better make it alright can't give me your sweater hold my hand tight seven days in limbo just push me out the window nothing in common nothing to lose nothing but problems between me and you with your arms akimbo seven days in limbo seven days,2017.0,"['im', 'cry', 'phone', 'call', 'whats', 'use', 'begging', 'stay', 'trying', 'save', 'u', 'anymore', 'cut', 'loose', 'cause', 'far', 'away', 'make', 'feel', 'better', 'alright', 'give', 'sweater', 'hold', 'hand', 'tight', 'seven', 'day', 'limbo', 'push', 'window', 'nothing', 'common', 'lose', 'problem', 'arm', 'akimbo', 'ill', 'weapon', 'weve', 'said', 'bone', 'break', 'done', 'thinking', 'might', 'spark', 'enough', 'were', 'broken', 'glass', 'waiting', 'washed', 'cant', 'love', 'let', 'go', 'leave']",0.062,0.724,0.213,Positive,0.213
Billie Eilish,​hotline bling,party favor / hotline bling,2018-04-21,you used to call me on my cell phone late night when you need my love call me on my cell phone late night when you need my love i know when that hotline bling that could only mean one thing i know when that hotline bling that could only mean one thing   'cause ever since i left the city you got a reputation for yourself now everybody knows and i feel left out girl you got me down you got me stressed out 'cause ever since i left the city you started wearing less and goin' out more glasses of champagne out on the dance floor hangin' with some girls i've never seen before 'cause ever since i left the city     late night when you need my love call me on my cell phone i know when that hotline bling that could only mean one thing i know when that hotline bling that could only mean one thing,2018.0,"['used', 'call', 'cell', 'phone', 'late', 'night', 'need', 'love', 'know', 'hotline', 'bling', 'could', 'mean', 'one', 'thing', 'cause', 'ever', 'since', 'left', 'city', 'got', 'reputation', 'everybody', 'feel', 'girl', 'stressed', 'started', 'wearing', 'le', 'goin', 'glass', 'champagne', 'dance', 'floor', 'hangin', 'ive', 'never', 'seen']",0.015,0.893,0.093,Positive,0.093
Billie Eilish,​see-through,,,wait a minute let me finish i know you don't care but can you listen i came committed guess i overdid it wore my heart out on a chain around my neck and now it's missing   so i think i better go i never really know how to please you you're looking at me like i'm seethrough i guess i'm gonna go i just never know how you feel do you even feel anything   you said don't treat me badly but you said it so sadly so i did the best i could not thinking you would have left me gladly i know you're not sorry why should you be 'cause who am i to be in love when your love is never for me   so i think i better go i never really know how to please you you're looking at me like i'm seethrough,,"['wait', 'minute', 'let', 'finish', 'know', 'care', 'listen', 'came', 'committed', 'guess', 'overdid', 'wore', 'heart', 'chain', 'around', 'neck', 'missing', 'think', 'better', 'go', 'never', 'really', 'please', 'looking', 'like', 'im', 'seethrough', 'gonna', 'feel', 'even', 'anything', 'said', 'treat', 'badly', 'sadly', 'best', 'could', 'thinking', 'would', 'left', 'gladly', 'sorry', 'cause', 'love']",0.072,0.645,0.283,Positive,0.283
Billie Eilish,​another stupid song*,Unreleased Songs,,you're saying that you miss me oh well never even got a kiss without a countdown it's time to face the facts you treat me like a snack only text back when you're hungry your love's so insecure you're never really sure boy you never listen   i'm not gonna write another stupid song about you baby   you're saying that you're sorry so what you ask me what i want for you to shut up it's time to come to terms put myself first when your bubble bursts got soap in your eye telling you it's wrong to break into my songs boy you gotta listen   i'm not gonna write another stupid song about you baby   so take this as my last goodbye and play it when you're lonely don't you say i didn't try to reach your hand to hold me i just wanna walk the line press record and hit rewind i've made up my mind to erase you oh to erase you oh to erase you oh oh,,"['saying', 'miss', 'oh', 'well', 'never', 'even', 'got', 'kiss', 'without', 'countdown', 'time', 'face', 'fact', 'treat', 'like', 'snack', 'text', 'back', 'hungry', 'love', 'insecure', 'really', 'sure', 'boy', 'listen', 'im', 'gonna', 'write', 'another', 'stupid', 'song', 'baby', 'sorry', 'ask', 'want', 'shut', 'come', 'term', 'put', 'first', 'bubble', 'burst', 'soap', 'eye', 'telling', 'wrong', 'break', 'gotta', 'take', 'last', 'goodbye', 'play', 'lonely', 'say', 'try', 'reach', 'hand', 'hold', 'wanna', 'walk', 'line', 'press', 'record', 'hit', 'rewind', 'ive', 'made', 'mind', 'erase']",0.131,0.793,0.076,Negative,0.131
Billie Eilish,NOT MY RESPONSIBILITY,,2020-05-26,do you know me really know me you have opinions about my opinions about my music about my clothes about my body some people hate what i wear some people praise it some people use it to shame others some people use it to shame me but i feel you watching always and nothing i do goes unseen so while i feel your stares your disapproval or your sigh of relief if i lived by them i'd never be able to move would you like me to be smaller weaker softer taller would you like me to be quiet do my shoulders provoke you does my chest am i my stomach my hips the body i was born with is it not what you wanted if i wear what is comfortable i am not a woman if i shed the layers i'm a slut though you've never seen my body you still judge it and judge me for it why we make assumptions about people based on their size we decide who they are we decide what they're worth if i wear more if i wear less who will decide what that makes me what that means is my value based only on your perception or is your opinion of me not my responsibility,2020.0,"['know', 'really', 'opinion', 'music', 'clothes', 'body', 'people', 'hate', 'wear', 'praise', 'use', 'shame', 'others', 'feel', 'watching', 'always', 'nothing', 'go', 'unseen', 'stare', 'disapproval', 'sigh', 'relief', 'lived', 'id', 'never', 'able', 'move', 'would', 'like', 'smaller', 'weaker', 'softer', 'taller', 'quiet', 'shoulder', 'provoke', 'chest', 'stomach', 'hip', 'born', 'wanted', 'comfortable', 'woman', 'shed', 'layer', 'im', 'slut', 'though', 'seen', 'still', 'judge', 'make', 'assumption', 'based', 'size', 'decide', 'theyre', 'worth', 'le', 'mean', 'value', 'perception', 'responsibility']",0.083,0.812,0.105,Positive,0.105
Billie Eilish,​true blue*,Unreleased Songs,,lights out you're not here holding me i count every tear down my cheek instead of sheep   sleep walk find myself on your street three knocks ring the bell then i leave   i tried to live in black and white but i'm so blue i'd like to mean it when i say i'm over you but that's still not true   cold days frozen lake in the park old ways make mistakes when i'm lost now we've got it all  4 bad dreams might not mean anything but you seem not to need anything   i tried to live in black and white but i'm so blue i'd like to mean it when i say i'm over you but that's still not true   i'm still so blue true blue true blue hey true blue   i tried to live in black and white but i'm so blue i'd like to mean it when i say i'm over you i tried to live in black and white but i'm so blue i'd like to mean it when i say i'm over you but that's still not true   and i'm still so blue true blue true blue hey true blue,,"['light', 'holding', 'count', 'every', 'tear', 'cheek', 'instead', 'sheep', 'sleep', 'walk', 'find', 'street', 'three', 'knock', 'ring', 'bell', 'leave', 'tried', 'live', 'black', 'white', 'im', 'blue', 'id', 'like', 'mean', 'say', 'thats', 'still', 'true', 'cold', 'day', 'frozen', 'lake', 'park', 'old', 'way', 'make', 'mistake', 'lost', 'weve', 'got', '4', 'bad', 'dream', 'might', 'anything', 'seem', 'need', 'hey']",0.175,0.744,0.081,Negative,0.175
Billie Eilish,Bad,triple j Like a Version 14,2018-02-09,your butt is mine i'm gonna tell you right just show your face in broad daylight i'm telling you on how i feel gonna hurt your mind don't shoot to kill i'm giving you on count of three to show your stuff or let it be 'cause i'm telling you just watch your mouth i know your game what you're about  pre well they say the sky's the limit and to me that's really true but my friend you have seen nothing so just wait till i get through   because i'm bad i'm bad c'mon you know i'm big i'm bad you know you know i'm big i'm bad i'm really really bad and the whole world's got has to answer right now just to tell you once again who's bad   the word is out you're doing wrong gonna lock you up before too long your lying eyes gonna tell you right so listen up don't make a fight your talk is cheap you're not a man you're throwing stones to hide your hands  pre well they say the sky's the limit and to me that's really true but my friend you have seen nothing so just wait till i get through   because i'm big i'm bad c'mon you know i'm big i'm bad you know you know i'm big i'm bad i'm really really bad and the whole world's got to answer right now just to tell you once again who's bad,2018.0,"['butt', 'mine', 'im', 'gonna', 'tell', 'right', 'show', 'face', 'broad', 'daylight', 'telling', 'feel', 'hurt', 'mind', 'shoot', 'kill', 'giving', 'count', 'three', 'stuff', 'let', 'cause', 'watch', 'mouth', 'know', 'game', 'pre', 'well', 'say', 'sky', 'limit', 'thats', 'really', 'true', 'friend', 'seen', 'nothing', 'wait', 'till', 'get', 'bad', 'cmon', 'big', 'whole', 'world', 'got', 'answer', 'who', 'word', 'wrong', 'lock', 'long', 'lying', 'eye', 'listen', 'make', 'fight', 'talk', 'cheap', 'man', 'throwing', 'stone', 'hide', 'hand']",0.214,0.696,0.09,Negative,0.214
Billie Eilish,​because i’m in love with you*,Unreleased Songs,,lyrics from snippet i want you i swear i'd stop breathing if it would benefit you if thats all i had to do mm i'll give up everything because i'm in love with you yes im in love with you  i'll give up everything if it would benefit you if that's all i had to do,,"['lyric', 'snippet', 'want', 'swear', 'id', 'stop', 'breathing', 'would', 'benefit', 'thats', 'mm', 'ill', 'give', 'everything', 'im', 'love', 'yes']",0.052,0.669,0.28,Positive,0.28
Billie Eilish,​bad company / so n so*,Unreleased Songs,,lyrics from snippet i've got a man that doesn't love me he's got a girl that doesn't love him she's got a brother down in county he's got a tattoo for his cousin  another house on fire by venice beach she's got a man she doesn't love who doesn't  love me another house on fire by venice beach she's got a man she doesn't love who doesn't love me  i don't need to know who you can't let go cry 'bout so and so she's got a man got a man doesn't love me i don't need to know,,"['lyric', 'snippet', 'ive', 'got', 'man', 'love', 'he', 'girl', 'brother', 'county', 'tattoo', 'cousin', 'another', 'house', 'fire', 'venice', 'beach', 'need', 'know', 'cant', 'let', 'go', 'cry', 'bout']",0.258,0.719,0.023,Negative,0.258
Billie Eilish,Eres Tú,,2017-09-25,hoy desperté con ganas de besarte tengo una sed de acariciarte enredarme a ti y no soltarte eres tan embriagante eres tú eres tú   quiero contemplarte sin contar el tiempo dibujarte con mis puros recuer'os en mi mente marcarme tus labios tus besos estar aquí otro momento eres tú eres tú eres tú,2017.0,"['hoy', 'desperté', 'con', 'ganas', 'de', 'besarte', 'tengo', 'una', 'sed', 'acariciarte', 'enredarme', 'ti', 'soltarte', 'eres', 'tan', 'embriagante', 'tú', 'quiero', 'contemplarte', 'sin', 'contar', 'el', 'tiempo', 'dibujarte', 'mi', 'puros', 'recueros', 'en', 'mente', 'marcarme', 'tus', 'labios', 'besos', 'estar', 'aquí', 'otro', 'momento']",0.106,0.894,0.0,Negative,0.106
Billie Eilish,​call me back,,2018-03-22,wait time is the worst i can hardly sit no one has the time someone's always late i look for you and you look for me whoa oh oh oh oh   i don't know why i came down i hold your phone don't wake up i hear a voice in the ground   tell me don't tell me the hard part is telling you something that you would not like me to tell you   wait time is to blame mat top frame's a trip we all have the time someone's always fed i look for you and you look away oh oh oh oh oh oh oh oh oh   i don't know why i came down i hold your phone don't wake up i hear a voice in the ground   billie eilish  finneas waking up is so much fun to do tell me don't tell me the hard part is telling me something that you would not like me to tell you '80 movie make out party with you tell me don't tell me the hard part is telling me something that you would not like me to tell you,2018.0,"['wait', 'time', 'worst', 'hardly', 'sit', 'one', 'someone', 'always', 'late', 'look', 'whoa', 'oh', 'know', 'came', 'hold', 'phone', 'wake', 'hear', 'voice', 'ground', 'tell', 'hard', 'part', 'telling', 'something', 'would', 'like', 'blame', 'mat', 'top', 'frame', 'trip', 'fed', 'away', 'billie', 'eilish', 'finneas', 'waking', 'much', 'fun', '80', 'movie', 'make', 'party']",0.1,0.858,0.043,Negative,0.1
Billie Eilish,​daddy*,Unreleased Songs,,lyrics from snippet  billie eilish you make me sad boy well look whos sad daddy  madeintyo givenchy on your kisses i would wanna lay down with your misses oh yeah wanna hear your heartbeat listen up when we're apart we,,"['lyric', 'snippet', 'billie', 'eilish', 'make', 'sad', 'boy', 'well', 'look', 'who', 'daddy', 'madeintyo', 'givenchy', 'kiss', 'would', 'wanna', 'lay', 'miss', 'oh', 'yeah', 'hear', 'heartbeat', 'listen', 'were', 'apart']",0.166,0.678,0.156,Negative,0.166
Billie Eilish,"I don’t know, i just wish i wasn’t ​breathing",Unreleased Songs,,lyrics from snippet i don't know i just wish i wasn't breathing if i wasn't breathing would that change your mind,,"['lyric', 'snippet', 'know', 'wish', 'breathing', 'would', 'change', 'mind']",0.124,0.876,0.0,Negative,0.124
Billie Eilish,The Hill,,2017-08-22,verse walking up the hill tonight when you have closed your eyes i wish i didn't have to make all those mistakes and be wise please try to be patient and know that i'm still learning i'm sorry that you have to see the strength inside me burning   but where are you my angel now don't you see me crying i know that you can't do it all but you can't say i'm not trying  verse walking up the hill tonight when you have closed your eyes i wish i didn't have to make all those mistakes and be wise but please try to be patient and know that i'm still learning i'm sorry that you have to see the strength inside me burning   but where are you my angel now don't you see me crying i know that you can't do it all but you can't say i'm not trying,2017.0,"['verse', 'walking', 'hill', 'tonight', 'closed', 'eye', 'wish', 'make', 'mistake', 'wise', 'please', 'try', 'patient', 'know', 'im', 'still', 'learning', 'sorry', 'see', 'strength', 'inside', 'burning', 'angel', 'cry', 'cant', 'say', 'trying']",0.094,0.773,0.133,Positive,0.133
Billie Eilish,Sex (Cover),,,and this is how it starts you take your shoes off in the back of my van yeah my shirt looks so good when it's just hanging off your back  pre and she said use your hands and my spare time weve got one thing in common it's this tongue of mine she's got a boyfriend anyway   theres only minutes before i drop you off all we seem to do is talk about sex she's got a boyfriend anyway she's got a boyfriend anyway   i loved your friend when i saw his film he's got a funny face but i like that cause he still looks cool she's got a boyfriend anyway she's got a boyfriend anyway   now we're on the bed in my room and i'm about to fill his shoes but you say no you say no does he take care of you or could i easily fill his shoes but you say no you say no   now were just outside of town and youre making your way down she's got a boyfriend anyway shes got a boyfriend anyway   and i'm not trying to stop you love if we're gonna do anything we might as well just fuck she's got a boyfriend anyway shes got a boyfriend anyway   you've got your tongue pierced anyway you in your high tops any day you in your skinny jeans anyway you and your fit friends anyway i'd take them all out any day they've all got back combs anyway you all got boyfriends anyway,,"['start', 'take', 'shoe', 'back', 'van', 'yeah', 'shirt', 'look', 'good', 'hanging', 'pre', 'said', 'use', 'hand', 'spare', 'time', 'weve', 'got', 'one', 'thing', 'common', 'tongue', 'mine', 'boyfriend', 'anyway', 'there', 'minute', 'drop', 'seem', 'talk', 'sex', 'loved', 'friend', 'saw', 'film', 'he', 'funny', 'face', 'like', 'cause', 'still', 'cool', 'were', 'bed', 'room', 'im', 'fill', 'say', 'care', 'could', 'easily', 'outside', 'town', 'youre', 'making', 'way', 'shes', 'trying', 'stop', 'love', 'gonna', 'anything', 'might', 'well', 'fuck', 'pierced', 'high', 'top', 'day', 'skinny', 'jean', 'fit', 'id', 'theyve', 'comb']",0.062,0.775,0.163,Positive,0.163
Billie Eilish,​dancing on my own,,2017-09-24,verse somebody said you got a new friend does she love you better than l can there's a big black sky over my town i know where you're at l bet she's around   yeah i know it's stupid i just gotta see it for myself i'm in the corner watching you kiss her oh i'm right over here why can't you see me oh i'm giving it my all but i'm not the girl you're taking home oh i keep dancing on my own i keep dancing on my own  verse somebody said you got a new friend does she love you better than l can there's a big black sky over my town i know where you're at l bet she's around   yeah i know it's stupid i just gotta see it for myself i'm in the corner watching you kiss her oh i'm right over here why can't you see me oh i've given my all but i'm not the girl you're taking home oh i keep dancing on my own i keep dancing on my own,2017.0,"['verse', 'somebody', 'said', 'got', 'new', 'friend', 'love', 'better', 'l', 'there', 'big', 'black', 'sky', 'town', 'know', 'bet', 'around', 'yeah', 'stupid', 'gotta', 'see', 'im', 'corner', 'watching', 'kiss', 'oh', 'right', 'cant', 'giving', 'girl', 'taking', 'home', 'keep', 'dancing', 'ive', 'given']",0.036,0.791,0.173,Positive,0.173
Billie Eilish,​you don’t get me high anymore,,2019-02-27,billie eilish billie eilish  finneas i don't like stayin' at home when the moon is bleeding red woke up stoned in the backseat from a dream where my teeth fell out of my head cut it up cut it up yeah everybody's on something here my godsend chemical best friend skeleton whispering in my ear  pre billie eilish  finneas walk with me to the end stare with me into the abyss do you feel like letting go i wonder how far down it is   billie eilish billie eilish  finneas nothing is fun not like before you don't get me high anymore it used to take one now it takes four you don't get me high anymore   billie eilish billie eilish  finneas runnin' through emergency rooms spinning wheels and ceiling fans my handshake cellophane landscape mannequin fakin' it the best that i can cadillac cadillac red no hands on the steering wheel i'm crashing this saveaho puppet show ufo obliterate the way i feel  pre billie eilish  finneas walk with me to the end stare with me into the abyss do you feel like letting go i wonder how far down it is   billie eilish  finneas billie eilish but nothing is fun not like before you don't get me high anymore it used to take one now it takes four you don't get me high anymore you don't get me high anymore you don't get me high anymore,2019.0,"['billie', 'eilish', 'finneas', 'like', 'stayin', 'home', 'moon', 'bleeding', 'red', 'woke', 'stoned', 'backseat', 'dream', 'teeth', 'fell', 'head', 'cut', 'yeah', 'everybodys', 'something', 'godsend', 'chemical', 'best', 'friend', 'skeleton', 'whispering', 'ear', 'pre', 'walk', 'end', 'stare', 'abyss', 'feel', 'letting', 'go', 'wonder', 'far', 'nothing', 'fun', 'get', 'high', 'anymore', 'used', 'take', 'one', 'four', 'runnin', 'emergency', 'room', 'spinning', 'wheel', 'ceiling', 'fan', 'handshake', 'cellophane', 'landscape', 'mannequin', 'fakin', 'cadillac', 'hand', 'steering', 'im', 'crashing', 'saveaho', 'puppet', 'show', 'ufo', 'obliterate', 'way']",0.093,0.855,0.051,Negative,0.093
Billie Eilish,​use me*,Unreleased Songs,,lyrics from snippet use me 'cause everyone else is what's the difference  when you're lookin' at my lips and not being legally allowed to kiss them,,"['lyric', 'snippet', 'use', 'cause', 'everyone', 'else', 'whats', 'difference', 'lookin', 'lip', 'legally', 'allowed', 'kiss']",0.046,0.854,0.1,Positive,0.1
Billie Eilish,​good*,Unreleased Songs,,lyrics from snippet baby don't i look good just waiting for you to call me baby yeah i'm up to no good,,"['lyric', 'snippet', 'baby', 'look', 'good', 'waiting', 'call', 'yeah', 'im']",0.268,0.649,0.084,Negative,0.268
Billie Eilish,Thinkin Bout You (Cover),,,billie eilish billie eilish  finneas a tornado flew around my room before you came excuse the mess it made it usually doesn't rain in southern california much like arizona my eyes don't shed tears but boy they bawl when  pre finneas billie eilsh both i'm thinkin' 'bout you ooh no no no i've been thinkin' bout you you know know know i've been thinkin' bout you do you think about me still do ya do ya   billie eilish  finneas or do you not think so far ahead cause i been thinkin' bout forever ooh or do you not think so far ahead cause i been thinkin' bout forever ooh   finneas billie eilish both no i don't like you i just thought you were cool enough to kick it got a beach house i could sell you in idaho since you think i don't love you i just thought you were cute that's why i kissed you got a fighter jet i don't get to fly it though i'm lying down  pre finneas billie eilish both i'm thinkin' 'bout you ooh no no no i've been thinkin' bout you you know know know i've been thinkin' bout you do you think about me still do ya do ya   billie eilish  finneas or do you not think so far ahead cause i been thinkin' bout forever ooh or do you not think so far ahead cause i been thinkin' bout forever ooh   finneas billie eilish both yes of course i remember how could i forget how you feel you know you were my first time a new feel it will never get old not in my soul not in my spirit keep it alive we'll go down this road 'til it turns from color to black and white   billie eilish  finneas or do you not think so far ahead cause i been thinkin' bout forever ooh or do you not think so far ahead cause i been thinkin' bout forever ooh   billie eilish or do you not think so far ahead cause i been thinkin' bout forever ooh,,"['billie', 'eilish', 'finneas', 'tornado', 'flew', 'around', 'room', 'came', 'excuse', 'mess', 'made', 'usually', 'rain', 'southern', 'california', 'much', 'like', 'arizona', 'eye', 'shed', 'tear', 'boy', 'bawl', 'pre', 'eilsh', 'im', 'thinkin', 'bout', 'ooh', 'ive', 'know', 'think', 'still', 'ya', 'far', 'ahead', 'cause', 'forever', 'thought', 'cool', 'enough', 'kick', 'got', 'beach', 'house', 'could', 'sell', 'idaho', 'since', 'love', 'cute', 'thats', 'kissed', 'fighter', 'jet', 'get', 'fly', 'though', 'lying', 'yes', 'course', 'remember', 'forget', 'feel', 'first', 'time', 'new', 'never', 'old', 'soul', 'spirit', 'keep', 'alive', 'well', 'go', 'road', 'til', 'turn', 'color', 'black', 'white']",0.095,0.832,0.073,Negative,0.095
Billie Eilish,Unreleased Songs [Discography List],Unreleased Songs,,note an asterisk  next to a song title denotes that the song title has not been officially confirmed aaliens on earth another stupid song bbad company  so n so because im in love with you cddaddy efggood guess hhow many secrets can you keep ii dont know i just wish i wasnt breathing jjupiter kllet me know limbo lyin  ya mnoppuzzle qrsshady sick ttrue blue uunderneath use me vwwhy not winner xyz688,,"['note', 'asterisk', 'next', 'song', 'title', 'denotes', 'officially', 'confirmed', 'aaliens', 'earth', 'another', 'stupid', 'bbad', 'company', 'n', 'im', 'love', 'cddaddy', 'efggood', 'guess', 'hhow', 'many', 'secret', 'keep', 'ii', 'dont', 'know', 'wish', 'wasnt', 'breathing', 'jjupiter', 'kllet', 'limbo', 'lyin', 'ya', 'mnoppuzzle', 'qrsshady', 'sick', 'ttrue', 'blue', 'uunderneath', 'use', 'vwwhy', 'winner', 'xyz688']",0.152,0.795,0.053,Negative,0.152
Billie Eilish,​if you want me,,,i'll do you what you ask me if you let me be free  if you want me satisfy me,,"['ill', 'ask', 'let', 'free', 'want', 'satisfy']",0.0,0.678,0.322,Positive,0.322
Billie Eilish,​underneath*,Unreleased Songs,2019-04-21,lyrics from snippet i'm underneath looking out just out of reach but it makes me slur my speech,2019.0,"['lyric', 'snippet', 'im', 'underneath', 'looking', 'reach', 'make', 'slur', 'speech']",0.0,0.942,0.058,Positive,0.058
Billie Eilish,Cant Help Falling In Love,,2017-12-22,wise men say only fools rush in but i can't help falling in love with you shall i stay would it be a sin if i cant help falling in love with you  oh here's when it gets hard like a wait like a river flows like a river flows i'm just gonna not play it surely to the sea my darling so it goes some things are meant to be take my hand take my whole life too for i cant help falling in love with you,2017.0,"['wise', 'men', 'say', 'fool', 'rush', 'cant', 'help', 'falling', 'love', 'shall', 'stay', 'would', 'sin', 'oh', 'here', 'get', 'hard', 'like', 'wait', 'river', 'flow', 'im', 'gonna', 'play', 'surely', 'sea', 'darling', 'go', 'thing', 'meant', 'take', 'hand', 'whole', 'life']",0.181,0.474,0.345,Positive,0.345
Billie Eilish,Telegraph Ave,,2018-11-21,i don't really want to drive but i think i'd rather die in oakland in oakland with my hands on two and ten so i guess it all depends on oakland on oakland and i'm nervous truth be told i never saw me growing old in oakland in oakland and if i married you tonight it would probably start a riot in oakland in oakland  foot on the gas i'm just tryna pass all the red lights and the stop signs i'm ready to go,2018.0,"['really', 'want', 'drive', 'think', 'id', 'rather', 'die', 'oakland', 'hand', 'two', 'ten', 'guess', 'depends', 'im', 'nervous', 'truth', 'told', 'never', 'saw', 'growing', 'old', 'married', 'tonight', 'would', 'probably', 'start', 'riot', 'foot', 'gas', 'tryna', 'pas', 'red', 'light', 'stop', 'sign', 'ready', 'go']",0.195,0.74,0.065,Negative,0.195
Billie Eilish,Shady*,Unreleased Songs,,lyrics from snippet strange boy you're acting shady,,"['lyric', 'snippet', 'strange', 'boy', 'acting', 'shady']",0.205,0.795,0.0,Negative,0.205
Billie Eilish,​party favor (Mahogany Sessions),,2018-04-21,hey  call me back when ya get this or when you've a minute we really need to talk wait  you know what maybe just forget it cause by the time you get this your number might be blocked   stay and bla bla bla you just want what you can't have no way i'll call the cops if you don't stop i'll call your dad  and i hate to do this to you on your birthday happy birthday by the way it's not you it's me and all that other bullshit you know that's bullshit dontcha babe i'm not your party favor   look  now i know we coulda done it better but we can't change the weather when the weather's come and gone books don't make sense if ya read 'em backwards you'll single out the wrong words like you mishear all my songs   you hear stay and bla bla bla you just want what you can't have no way i'll call the cops if you don't stop i'll call your dad  and i hate to do this to you on your birthday happy birthday by the way it's not you it's me and all that other bullshit you know that's bullshit dontcha babe i'm not your party favor,2018.0,"['hey', 'call', 'back', 'ya', 'get', 'minute', 'really', 'need', 'talk', 'wait', 'know', 'maybe', 'forget', 'cause', 'time', 'number', 'might', 'blocked', 'stay', 'bla', 'want', 'cant', 'way', 'ill', 'cop', 'stop', 'dad', 'hate', 'birthday', 'happy', 'bullshit', 'thats', 'dontcha', 'babe', 'im', 'party', 'favor', 'look', 'coulda', 'done', 'better', 'change', 'weather', 'come', 'gone', 'book', 'make', 'sense', 'read', 'em', 'backwards', 'single', 'wrong', 'word', 'like', 'mishear', 'song', 'hear']",0.16,0.742,0.098,Negative,0.16
Billie Eilish,Secret,,,you were from the north i was from the south we were from opposite places different towns but i knew it was good and you knew it was too so we moved together like a ball and chain minds becoming two halves of the same it was real and the shadows grew  cause you've got a secret don't ya babe  i would've shouted loud and broken through i would've given it all to belong to you but there were different plans different rules you said where i'm from there is a lock and key if you'd be so kind as to follow me i will show you the way to the rest of my sins  cause you've got a secret don't ya babe yeah you you got a secret don't ya babe and i should know yeah i should know  yeah you you've got a secret don't ya babe yeah you you got a secret don't ya babe and i should know yeah i should know for i'm your secret aren't i babe yeah i'm your secret aren't i babe aren't i babe,,"['north', 'south', 'opposite', 'place', 'different', 'town', 'knew', 'good', 'moved', 'together', 'like', 'ball', 'chain', 'mind', 'becoming', 'two', 'half', 'real', 'shadow', 'grew', 'cause', 'got', 'secret', 'ya', 'babe', 'wouldve', 'shouted', 'loud', 'broken', 'given', 'belong', 'plan', 'rule', 'said', 'im', 'lock', 'key', 'kind', 'follow', 'show', 'way', 'rest', 'sin', 'yeah', 'know']",0.118,0.813,0.07,Negative,0.118
Billie Eilish,​guess*,Unreleased Songs,,lyrics from snippet can you guess what i'm thinking of,,"['lyric', 'snippet', 'guess', 'im', 'thinking']",0.0,1.0,0.0,Neutral,1.0
Billie Eilish,Vertigo,Unreleased Songs,2016-01-12,let's take a ride downtown,2016.0,"['let', 'take', 'ride', 'downtown']",0.0,1.0,0.0,Neutral,1.0
Billie Eilish,How do you see me?*,,2019-09-30,if i can't wake up would you still something else if i can't return your corpse no i'm still involved   if i can't  if i sit on the floor on the floor can't you see he hurt her how do you breathe without me how do you see me,2019.0,"['cant', 'wake', 'would', 'still', 'something', 'else', 'return', 'corpse', 'im', 'involved', 'sit', 'floor', 'see', 'hurt', 'breathe', 'without']",0.111,0.83,0.059,Negative,0.111
Billie Eilish,Stoned,Unreleased Songs,,lyrics from snippet do you wanna dance with your little girl in the shadows i can see those things you hid from me you burn all your dirty laundry you curse at your phone,,"['lyric', 'snippet', 'wanna', 'dance', 'little', 'girl', 'shadow', 'see', 'thing', 'hid', 'burn', 'dirty', 'laundry', 'curse', 'phone']",0.206,0.794,0.0,Negative,0.206
Billie Eilish,What a wonderful life,,,we lay all day in our comfy bed what a wonderful life we play outside in the green grass what a wonderful life we smell all the roses in the rose bush what a wonderful life what a wonderful life for us what a wonderful life for us,,"['lay', 'day', 'comfy', 'bed', 'wonderful', 'life', 'play', 'outside', 'green', 'grass', 'smell', 'rose', 'bush', 'u']",0.0,0.639,0.361,Positive,0.361
Billie Eilish,Something (The Beatles Cover),,2020-12-03,something in the way she moves attracts me like no other lover something in the way she woos me   i don't want to leave her now you know i believe and how   somewhere in her smile she knows that i don't need no other lover something in her style that shows me   i don't want to leave her now you know i believe and how   you're asking me will my love grow i don't know i don't know you stick around now it may show but i don't know i don't know  interlude mmhmhm dadadadaohhhh hmhmhmoohoohoohooooh hmmmmmmhmm mmmmmmohhhh   something in the way she knows and all i havе to do is think of her something in the things shе shows me   i don't want to leave her now i don't want to leave her now,2020.0,"['something', 'way', 'move', 'attracts', 'like', 'lover', 'woos', 'want', 'leave', 'know', 'believe', 'somewhere', 'smile', 'need', 'style', 'show', 'asking', 'love', 'grow', 'stick', 'around', 'may', 'interlude', 'mmhmhm', 'dadadadaohhhh', 'hmhmhmoohoohoohooooh', 'hmmmmmmhmm', 'mmmmmmohhhh', 'havе', 'think', 'thing', 'shе']",0.061,0.808,0.131,Positive,0.131
Billie Eilish,Young dumb and broke (cover),,,so you're still thinking of me just like i know you should i can not give you everything you know i wish i could i'm so high at the moment i'm so caught up in this yeah we're just young dumb and broke but we still got love to give   while we're young dumb young young dumb and broke young dumb young young dumb and broke young dumb young dumb young young dumb and broke young dumb broke high school kids yadadadadadadada yadadadadadada yadadadadadadada young dumb broke high school kids   we have so much in common we argue all the time you always say i'm wrong i'm pretty sure i'm right what's fun about commitment when we have our life to live yeah we're just young dumb and broke but we still got love to give   while we're young dumb young young dumb and broke young dumb young young dumb and broke young dumb young young dumb and broke young dumb broke high school kids yadadadadadadada yadadadadadada yadadadadadadada young dumb broke high school kids   jump and we think  do it all in the name of love love run into sin do it all in the name of fun fun whoaoaoa i'm so high at the moment i'm so caught up in this yeah we're just young dumb and broke but we still got love to give   while we're young dumb young young dumb and broke young dumb young young dumb and broke young dumb young dumb young young dumb and broke young dumb broke high school kids yadadadadadadada yadadadadadada yadadadadadadada young dumb broke high school kids,,"['still', 'thinking', 'like', 'know', 'give', 'everything', 'wish', 'could', 'im', 'high', 'moment', 'caught', 'yeah', 'were', 'young', 'dumb', 'broke', 'got', 'love', 'school', 'kid', 'yadadadadadadada', 'yadadadadadada', 'much', 'common', 'argue', 'time', 'always', 'say', 'wrong', 'pretty', 'sure', 'right', 'whats', 'fun', 'commitment', 'life', 'live', 'jump', 'think', 'name', 'run', 'sin', 'whoaoaoa']",0.438,0.422,0.14,Negative,0.438
Billie Eilish,Lie (Cover by Billie Eilish),,2018-10-12,i heard you told your friends that i'm just not your type if that's how you really feel then why'd you call last night you say all i ever do is just control your life but how you gonna lie like that how you gonna lie like that yeah i heard you said i ain't the type for you i don't regret it though i learned from it they should have you locked up for all the time you stole from us took you out when i had no money only person that you ever cared about was you that's why it's so funny you want somebody that'll keep you warm at night then tell me why you actin' cold to me you ain't the only one to blame no i'm the one that made you rich when i bought every lie you sold to me yeah heard you threw away the pictures but you still got the memories of us so i guess that don't really make a difference flippin' through 'em in your head got you texting me all hours any night yeah you told me that you needed distance what's the deal with you you say you want a man that keeps it real then why you mad when i get real with you you want someone to pay the bills for you went from feelin' you now i feel for you liar i heard you told your friends that i'm just not your type if that's how you really feel then why'd you call last night you say all i ever do is just control your life but how you gonna lie like that how you gonna lie like that look let me guess you want to stay friends tellin' people that's how we been tellin' everybody yeah that we was barely speakin' all this kinda funny why'd you call me every day then it's immaturity you goin' off the deep end you just want somebody you can chill and get some drinks with cool then don't hit me on the weekend tellin' me you missed the way we talked and how i listen yeah why you playin' with my mind huh why you playin' with my time huh told me we should let it go and put it all behind us that's what i did now you askin' me what i done i was waitin' for this day i saw it comin' i think you just like attention tryna tell me all your problems i got issues of my own i ain't got time for all this drama you told me that you don't really wanna talk then why you callin' huh i heard you told your friends that i'm just not your type if that's how you really feel then why'd you call last night you say all i ever do is just control your life but how you gonna lie like that how you gonna lie like that how you gonna lie how you gonna lie like that baby how you gonna lie how you gonna lie like that how you gonna lie baby how you gonna lie like that no no how you gonna lie like that i heard you told your friends that i'm just not your type if that's how you really feel then why'd you call last night you say all i ever do is just control your life but how you gonna lie like that how you gonna lie like that tell me how you 'bout to lie like that tell me how you 'bout to lie like that,2018.0,"['heard', 'told', 'friend', 'im', 'type', 'thats', 'really', 'feel', 'whyd', 'call', 'last', 'night', 'say', 'ever', 'control', 'life', 'gonna', 'lie', 'like', 'yeah', 'said', 'aint', 'regret', 'though', 'learned', 'locked', 'time', 'stole', 'u', 'took', 'money', 'person', 'cared', 'funny', 'want', 'somebody', 'keep', 'warm', 'tell', 'actin', 'cold', 'one', 'blame', 'made', 'rich', 'bought', 'every', 'sold', 'threw', 'away', 'picture', 'still', 'got', 'memory', 'guess', 'make', 'difference', 'flippin', 'em', 'head', 'texting', 'hour', 'needed', 'distance', 'whats', 'deal', 'man', 'real', 'mad', 'get', 'someone', 'pay', 'bill', 'went', 'feelin', 'liar', 'look', 'let', 'stay', 'tellin', 'people', 'everybody', 'barely', 'speakin', 'kinda', 'day', 'immaturity', 'goin', 'deep', 'end', 'chill', 'drink', 'cool', 'hit', 'weekend', 'missed', 'way', 'talked', 'listen', 'playin', 'mind', 'huh', 'go', 'put', 'behind', 'askin', 'done', 'waitin', 'saw', 'comin', 'think', 'attention', 'tryna', 'problem', 'issue', 'drama', 'wanna', 'talk', 'callin', 'baby', 'bout']",0.046,0.78,0.174,Positive,0.174
